index,obsid,RA_(J2000),Dec_(J2000)
11,74146007,59.98622,-0.01296
14,74146009,59.9894,-0.03133
28,30813032,64.15163,1.08873
29,30813018,64.16355,1.12553
30,30813031,64.16797,1.07709
31,30813039,64.17563,1.05207
32,30813040,64.17648,1.13587
34,30813024,64.18287,1.09408
35,30813020,64.18605,1.06438
36,30813033,64.18861,1.11183
37,30813013,64.18919,1.03203
38,30813005,64.18942,1.06263
39,30813023,64.19123,1.09068
40,30813019,64.19205,1.09375
41,30813006,64.19232,1.08094
42,30813022,64.19295,1.08098
43,30813004,64.19347,1.06334
46,30813009,64.2002,1.10092
47,30813015,64.20342,1.05879
48,30813007,64.20652,1.10413
49,30813008,64.20861,1.09693
50,81691001,64.20924,1.09562
51,30813010,64.21137,1.12082
52,81691002,64.21424,1.09943
53,30813017,64.21443,1.09335
54,30813029,64.21576,1.07891
55,30813036,64.21857,1.10096
56,30813028,64.2187,1.04996
57,30813016,64.22195,1.05258
58,30813011,64.22881,1.10703
59,30813021,64.2394,1.08731
61,30813012,64.24818,1.10967
62,30813001,64.24898,1.05605
63,30813026,64.24959,1.04307
64,30813003,64.25037,1.04713
65,30813014,64.25274,1.0849
66,30813037,64.25373,1.05318
67,30813030,64.25639,1.05769
68,30813027,64.25716,1.08403
69,30813002,64.26409,1.0606
86,36192004,66.14572,0.64661
90,36192010,66.21029,0.60709
91,36192009,66.21034,0.60064
93,36192005,66.21155,0.634
97,36192011,66.24135,0.60199
99,31837004,67.63986,0.87472
100,31837006,67.65242,0.86802
101,31837001,67.67114,0.87658
102,31837003,67.67526,0.85793
103,31837005,67.67607,0.86947
104,31837007,67.67665,0.89597
105,31837002,67.686,0.87202
106,82649001,68.45042,-1.15895
107,82649003,68.48411,-1.13139
113,74836001,69.9901,0.01256
119,36312003,70.62108,-0.32835
120,36312001,70.62514,-0.3174
122,32892002,70.671,-0.31914
123,32892001,70.67253,-0.313
125,82131003,72.12238,0.29896
126,82131004,72.12425,0.31405
127,82131002,72.14551,0.27068
128,82131005,72.14591,0.26659
130,45838002,73.23121,0.11853
131,45838001,73.25435,0.11565
132,48547002,74.72414,-0.40785
133,48547001,74.73171,-0.44391
145,74176006,74.99899,-0.00641
152,74176007,75.0362,0.00218
154,82792002,77.99358,-0.641
155,82792001,77.99659,-0.63863
156,91909090,78.98772,-0.13969
157,91909026,78.99297,-0.1943
158,91909070,78.99843,-0.13597
159,91909066,78.99875,-0.14632
160,91909088,78.99927,-0.15394
161,91909056,78.99935,-0.10012
162,91909060,79.00127,-0.13639
164,91909069,79.00277,-0.15994
165,91909072,79.00304,-0.14775
166,91909068,79.00491,-0.15471
167,91909059,79.00648,-0.13296
168,91909063,79.00662,-0.13617
169,91909074,79.00664,-0.1402
170,91909054,79.00728,-0.13267
171,91909062,79.009,-0.15099
172,91909067,79.00985,-0.16178
173,91909071,79.01028,-0.1483
174,91909064,79.01139,-0.15467
175,91909073,79.01148,-0.13243
176,91909075,79.01302,-0.13414
177,91909051,79.01318,-0.15229
178,91909010,79.01442,-0.20037
179,91909077,79.01462,-0.15047
180,91909058,79.01695,-0.13996
181,91909076,79.01765,-0.13847
182,91909080,79.01795,-0.1332
183,91909079,79.01848,-0.13358
184,91909057,79.01948,-0.14022
185,91909082,79.02023,-0.13456
186,91909081,79.02106,-0.13381
187,91909061,79.02276,-0.15681
188,91909078,79.02632,-0.13843
189,91909019,79.02818,-0.14197
190,91909053,79.03073,-0.13854
191,91909052,79.03422,-0.14558
192,91909040,79.03723,-0.16852
193,91909045,79.03912,-0.12844
194,91909033,79.03959,-0.13928
195,91909042,79.04043,-0.16872
196,91909084,79.04057,-0.12813
197,91909030,79.04175,-0.12456
198,91909049,79.04204,-0.15969
200,91909089,79.04371,-0.1367
201,91909035,79.04443,-0.14476
202,91909047,79.04477,-0.15305
203,91909050,79.0465,-0.14209
204,91909007,79.04669,-0.10965
205,91909009,79.04718,-0.14689
206,91909048,79.04745,-0.14499
207,91909032,79.04763,-0.12294
208,91909086,79.04808,-0.13486
209,91909041,79.04864,-0.14511
210,91909031,79.05024,-0.12359
211,91909085,79.05026,-0.13658
212,91909024,79.05043,-0.14994
213,91909027,79.0519,-0.16123
214,91909038,79.0519,-0.12701
215,91909037,79.05285,-0.13079
216,91909087,79.05419,-0.13737
217,91909039,79.05486,-0.18284
218,91909036,79.05487,-0.12759
219,91909028,79.05807,-0.14412
220,91909020,79.05808,-0.13807
221,91909014,79.05976,-0.17497
222,37593003,79.06194,-0.14543
223,91909043,79.06381,-0.15623
224,91909046,79.06425,-0.14861
225,91909002,79.06444,-0.15386
226,91909004,79.06761,-0.17151
227,91909012,79.0678,-0.19118
228,91909011,79.06841,-0.15196
229,91909013,79.06882,-0.15107
230,91909044,79.07011,-0.16504
231,91909023,79.07068,-0.15935
232,91909017,79.07168,-0.13274
233,91909001,79.07261,-0.12589
234,91909005,79.07265,-0.14924
235,91909008,79.0757,-0.13793
236,91909022,79.07592,-0.16041
237,91909003,79.07709,-0.14811
238,91909018,79.07814,-0.12832
239,91909021,79.08015,-0.14397
240,91909034,79.08302,-0.15378
241,37593001,79.08355,-0.12393
242,91909029,79.08366,-0.16352
243,91909006,79.08457,-0.14892
244,91909016,79.08771,-0.15958
245,37593002,79.1053,-0.13943
252,74120002,79.98715,-0.00602
262,67153002,80.00161,0.01531
265,74120004,80.01313,-0.01616
269,32713001,80.32768,1.20216
270,32713002,80.3586,1.17703
271,32713003,80.3661,1.15762
272,32713004,80.37125,1.17448
273,41309003,80.41835,1.05868
275,41309004,80.44888,1.0575
276,41309001,80.46849,1.03361
279,20294001,82.09443,-0.09951
280,20294002,82.15158,-0.12315
281,20294003,82.16232,-0.10303
282,33071001,82.80201,-0.82433
283,33071002,82.8422,-0.82213
285,33069002,83.10734,-0.62318
287,83096001,83.86575,-0.71237
309,74086012,84.98937,0.0401
312,69511001,84.99253,-0.0181
313,69511002,84.99258,-0.00768
315,74086005,84.99666,-0.01425
326,74086006,85.01452,-0.00169
335,31269008,86.476,-0.04837
336,31269007,86.48142,-0.06169
338,31269005,86.51303,-0.07922
339,31269006,86.51423,-0.08241
340,31269004,86.52821,-0.10549
341,31269009,86.53272,-0.09643
342,31269003,86.54478,-0.0826
343,90203004,86.56776,-0.09582
344,90203003,86.57273,-0.10313
345,31269001,86.5736,-0.10039
346,90203005,86.57627,-0.08999
347,90203002,86.5792,-0.09832
348,31269002,86.58058,-0.0893
350,85475009,86.64483,1.17532
351,85475007,86.6499,1.18766
353,85475008,86.65877,1.16907
354,85475004,86.65887,1.19316
356,85475001,86.66941,1.17586
357,85475002,86.67261,1.18506
358,85475006,86.68564,1.12463
369,74100008,89.977,0.01387
400,74100010,90.00823,0.00034
430,84668004,91.21868,0.02438
431,84668005,91.22385,0.02414
432,84668003,91.23,-0.0077
433,84668002,91.2366,-0.01443
437,32223002,91.73439,-0.38254
438,32223003,91.73484,-0.3631
439,32223005,91.79842,-0.39366
440,32223004,91.8005,-0.3941
442,82474004,92.22824,-0.68359
444,82474005,92.23483,-0.69749
479,31635001,95.6271,-0.33255
480,31635003,95.63732,-0.32437
481,31635002,95.63957,-0.34163
482,31635004,95.64163,-0.34412
483,333320001,95.81217,-0.08589
484,333320000,95.84937,-0.08704
485,209351001,95.87212,-1.18874
486,209351000,95.87999,-1.17088
487,209351002,95.88347,-1.17746
488,209351004,95.89308,-1.18665
489,209351003,95.89785,-1.18129
490,209351005,95.90537,-1.17921
491,41322001,96.43725,0.03373
492,41322002,96.47062,0.03589
493,82967003,97.3008,-0.46974
495,82967002,97.33489,-0.49023
498,47638001,99.51621,-0.86457
499,47638002,99.52163,-0.86628
511,74154004,99.98093,-0.04565
522,74154002,100.02577,0.00561
523,74154001,100.02648,0.00618
526,74154003,100.04046,0.00521
527,67896002,100.0513,-0.00983
528,67896001,100.05211,-0.00907
530,41136004,101.11802,0.01713
532,41136002,101.16746,0.02114
533,41136005,101.1675,0.03912
534,41136007,101.16767,-0.01586
535,41136003,101.17227,0.04342
536,41136006,101.19717,0.01754
539,47167002,101.87222,0.56026
541,47167003,101.90788,0.5288
542,86677001,101.91999,1.15875
543,86677002,101.94892,1.17155
544,82175001,102.89277,0.49367
545,82175002,102.96292,0.48127
546,54600001,102.94173,-0.35948
547,67143002,102.94276,-0.39057
548,54600002,102.94312,-0.35955
549,67143001,102.94728,-0.37184
550,54700021,102.9592,-0.34038
551,54700018,102.98005,-0.37683
552,54700020,102.98153,-0.38338
557,54700003,103.00512,-0.36707
559,54700019,103.01942,-0.37014
564,54700002,103.03309,-0.37617
565,54700005,103.03347,-0.37544
567,54700017,103.04313,-0.35544
569,86884002,103.56918,-0.82369
570,86884001,103.57751,-0.82464
573,33126001,105.03709,1.01212
600,74187008,105.01169,0.00908
603,74187028,105.02054,0.01145
608,84933003,106.38907,-0.10356
609,84933005,106.40521,-0.10107
610,84933004,106.42357,-0.07086
613,275087006,107.2857,1.04178
614,275087003,107.29278,1.04094
615,275087004,107.29375,1.10016
616,275087002,107.29737,1.12158
617,275087005,107.30029,1.11133
618,275087007,107.30097,1.0433
619,275087001,107.32786,1.10698
620,275087000,107.32985,1.09901
625,67405003,109.97827,-0.0032
632,74854003,109.99151,0.03644
634,74854002,109.99625,0.00981
642,40383002,110.11168,-1.11393
643,40383003,110.11828,-1.09962
644,40383004,110.14364,-1.1037
651,35990002,111.4676,-0.90904
652,35990003,111.46803,-0.90575
675,371050000,117.68825,-0.63134
676,371050005,117.69611,-0.65809
677,371050001,117.70622,-0.65905
678,371050003,117.71359,-0.66239
679,371050008,117.72867,-0.64596
680,371050006,117.74437,-0.65112
681,371050004,117.7496,-0.67188
682,371050007,117.75239,-0.65152
684,49619002,119.46108,1.26529
685,49619001,119.46547,1.24874
688,352420002,119.91007,0.8095
689,352420000,119.9138,0.80643
713,37767004,120.48359,0.80858
714,37767005,120.48655,0.81607
715,37767009,120.48697,0.80329
716,31016009,120.4919,0.80735
717,31016008,120.49233,0.78738
718,37767008,120.49527,0.78957
720,37767006,120.50126,0.7947
721,37767007,120.50312,0.80796
723,46685003,120.50519,0.83083
724,31016004,120.5114,0.80746
726,31016001,120.52084,0.80299
730,31016002,120.5367,0.81848
733,31016010,120.54977,0.82008
735,31016003,120.55798,0.79109
736,31016012,120.56469,0.82523
738,46685002,120.57666,0.7975
739,31016011,120.57845,0.81368
740,47119006,121.27702,-1.16784
741,47119003,121.28564,-1.16019
743,47119007,121.2914,-1.19444
744,47119001,121.29595,-1.15716
745,47119004,121.30659,-1.16586
746,47119002,121.32009,-1.1743
750,85576001,121.43465,-0.95585
751,85576003,121.46531,-0.97156
758,59003002,124.46016,0.87123
759,59003001,124.47145,0.87393
763,74283003,124.96734,-0.00398
769,67496002,124.98337,-0.01079
772,74283005,124.98768,-0.02198
781,69844001,125.01403,0.00141
782,69844002,125.01491,0.00183
786,33704002,127.03266,0.31362
787,33704001,127.046,0.27714
789,35855003,127.95771,-0.03115
790,35855002,127.96,-0.04637
802,74996003,129.98763,-0.0198
805,74996002,129.99377,-0.02837
813,74996001,130.00472,-0.00788
815,68159001,130.0177,-0.03974
820,83886004,133.60782,0.61965
822,83886008,133.62069,0.63905
823,83886010,133.62107,0.63105
824,83886006,133.62148,0.63286
825,83886005,133.62293,0.62104
826,83886001,133.62958,0.65021
827,83886011,133.63219,0.62675
828,83886009,133.63435,0.68686
829,39858002,134.01796,0.89015
830,39858001,134.04545,0.87631
837,75403004,134.97092,0.01717
857,534815000,136.55381,0.40714
858,534815001,136.5827,0.41713
859,554996001,138.55853,-0.14814
860,554996002,138.56233,-0.13755
861,554996000,138.57884,-0.13441
863,35975003,138.95961,0.11118
864,35975002,138.96955,0.09821
865,36787002,138.97297,0.0937
866,35975001,138.97565,0.09281
871,74343001,139.98055,0.00258
876,74343002,140.01504,-0.01077
877,35150001,141.62837,-0.44922
878,35150003,141.6303,-0.45138
879,35150002,141.63654,-0.41356
880,33227001,142.69968,0.576
881,33227002,142.70873,0.59865
885,618024000,144.50977,-0.5832
886,618024021,144.5229,-0.57571
887,618024022,144.52936,-0.59136
888,618024015,144.53399,-0.5937
889,618024019,144.53555,-0.58801
890,618024007,144.53883,-0.59908
891,618024027,144.54074,-0.58932
892,618024005,144.5412,-0.60869
893,618024014,144.54313,-0.60027
894,618024026,144.54372,-0.58949
895,618024025,144.54377,-0.5861
896,618024023,144.54424,-0.5929
897,618024018,144.54434,-0.58879
898,618024020,144.54534,-0.60252
899,618024003,144.54673,-0.57812
900,618024008,144.54744,-0.59643
901,618024028,144.54861,-0.60131
902,618024006,144.55151,-0.59852
903,618024017,144.55248,-0.59099
904,618024001,144.55391,-0.60996
905,618024013,144.55469,-0.58536
906,618024024,144.55562,-0.59649
907,618024016,144.56268,-0.59463
908,618024002,144.56986,-0.60866
921,37801002,145.64591,1.07706
922,37801003,145.65515,1.0816
924,35131001,145.7581,0.30164
925,35131002,145.77775,0.29273
928,46471005,146.55542,1.0439
929,46471002,146.5604,1.09396
932,91399002,146.58343,1.08058
933,91399006,146.58637,1.10932
935,91399004,146.59625,1.07794
936,91399007,146.59993,1.08374
937,46471004,146.60802,1.08878
940,31306027,147.17218,0.37183
941,31306012,147.18333,0.36546
942,31306002,147.18414,0.35812
943,31306030,147.18558,0.37236
945,31306005,147.18991,0.38592
946,31306042,147.19017,0.36267
948,31306006,147.19313,0.37964
949,31306032,147.19407,0.42576
950,31306015,147.1941,0.36999
951,31306028,147.19549,0.37098
952,31306004,147.19678,0.36943
953,31306003,147.19794,0.39599
954,31306029,147.19912,0.36682
955,31306014,147.19933,0.39327
956,31306007,147.20126,0.42174
958,31306033,147.20432,0.34319
959,31306041,147.20456,0.33939
960,31306013,147.20729,0.39434
961,31306010,147.2077,0.40988
963,31306016,147.22518,0.3916
964,31306040,147.23047,0.35187
965,31306024,147.23185,0.39993
966,31306011,147.23309,0.4099
967,31306023,147.23342,0.40232
968,31306017,147.23386,0.40484
970,38394001,147.23924,0.40379
971,31306036,147.23995,0.36404
972,31306009,147.24165,0.40803
973,31306020,147.24337,0.37257
974,31306037,147.2464,0.36054
975,31306008,147.25042,0.41787
977,31306019,147.25441,0.35721
979,31306039,147.25803,0.36966
983,31306038,147.28929,0.40733
985,54900006,149.16045,-0.48198
986,54900011,149.17559,-0.47499
989,54900001,149.19603,-0.52777
990,54950010,149.19637,-0.50447
991,54950011,149.19732,-0.4994
993,54900018,149.20869,-0.45996
994,54950012,149.20966,-0.52548
995,54950017,149.21233,-0.53391
996,54950005,149.21241,-0.51532
997,54950004,149.21273,-0.51294
998,54950008,149.21386,-0.53755
1000,54900017,149.22343,-0.4776
1001,54900012,149.2245,-0.50019
1002,54950013,149.22504,-0.51141
1003,54900005,149.22788,-0.48604
1005,54900009,149.23379,-0.48573
1006,54950007,149.24088,-0.4909
1007,54950009,149.24103,-0.52256
1008,54950006,149.24142,-0.49296
1010,54950019,149.24232,-0.53317
1011,54950034,149.2491,-0.47678
1013,54950016,149.25898,-0.51319
1014,54950003,149.25971,-0.51394
1015,54950039,149.26161,-0.46576
1016,54950014,149.26176,-0.5166
1019,54950035,149.27217,-0.47619
1020,54950002,149.27334,-0.49308
1021,54950027,149.27404,-0.50217
1022,54950038,149.27621,-0.47557
1024,54950028,149.27677,-0.49488
1025,54950020,149.28058,-0.52447
1026,54950032,149.28386,-0.53947
1027,54950029,149.28853,-0.49768
1028,54950026,149.29405,-0.50147
1029,54950030,149.29462,-0.47894
1030,54950021,149.2968,-0.53985
1031,54950023,149.29708,-0.53601
1032,54950022,149.29837,-0.54052
1033,54950037,149.30213,-0.49354
1035,54950024,149.3025,-0.53376
1036,54950031,149.30592,-0.54503
1038,54950025,149.3139,-0.50175
1039,213180001,149.57824,0.32422
1040,213180006,149.58617,0.32845
1041,213180002,149.59087,0.29871
1042,213180005,149.59365,0.30328
1043,213180004,149.60396,0.34991
1044,213180003,149.60732,0.35256
1063,91564001,151.49677,0.21203
1064,91568001,151.50586,0.17171
1065,91566001,151.50723,0.25448
1066,91570001,151.54577,0.14957
1067,91565001,151.62359,0.31028
1068,91567001,151.62853,0.28477
1069,91569001,151.63466,0.26679
1070,91571001,151.63788,0.24664
1072,91575001,151.75857,-0.82661
1073,91577001,151.7877,-0.83678
1074,91579001,151.79291,-0.84857
1075,91573001,151.81171,-0.81533
1076,91574001,151.86669,-0.74429
1077,91576001,151.86998,-0.7691
1078,91578001,151.87823,-0.78958
1079,91580001,151.88165,-0.81182
1082,31720003,152.77322,1.10459
1083,31720002,152.77552,1.10296
1084,35485003,153.54701,0.09248
1086,35485002,153.5587,0.09043
1089,39767005,153.96681,1.20363
1091,39767006,154.00821,1.18685
1096,83904010,154.88278,-0.64585
1098,83904003,154.89095,-0.63635
1101,83904004,154.92087,-0.67215
1102,83904002,154.94381,-0.63831
1105,39159002,155.64391,-1.22023
1108,39159001,155.67185,-1.19183
1109,39159004,155.67208,-1.20617
1111,39159003,155.70129,-1.19099
1112,85772001,155.69213,1.18382
1113,85772002,155.69335,1.23112
1114,33012047,155.87781,0.66432
1115,33012039,155.88339,0.69507
1116,33012121,155.88473,0.63027
1117,33012053,155.88994,0.62697
1119,92401001,155.8939,0.63668
1120,33012042,155.89685,0.6217
1121,33012081,155.89773,0.60921
1122,33012114,155.89773,0.66242
1123,33012120,155.89841,0.61882
1124,33012122,155.89854,0.63977
1125,80035001,155.89999,0.64567
1126,33012051,155.90004,0.63344
1127,33012115,155.90127,0.63876
1129,33012123,155.90192,0.63584
1130,33012046,155.90275,0.60693
1131,33012089,155.90408,0.63202
1133,80035002,155.9071,0.65028
1134,33012086,155.90732,0.59962
1135,33012116,155.90805,0.64579
1136,33012088,155.90921,0.64597
1137,33012118,155.90986,0.62822
1138,33012111,155.91306,0.65848
1139,33012052,155.91385,0.61795
1140,33012113,155.91592,0.61237
1141,33012092,155.91604,0.66927
1142,33012028,155.91832,0.69111
1143,33012110,155.91915,0.59573
1144,33012050,155.92082,0.64708
1145,33012033,155.92196,0.69436
1147,33012043,155.92545,0.63384
1148,33012091,155.92577,0.63442
1149,33012055,155.92584,0.64428
1150,33012090,155.92769,0.64179
1153,33012030,155.93038,0.61495
1154,33012029,155.93047,0.69946
1155,33012119,155.93148,0.67094
1156,33012124,155.93208,0.64967
1157,80035003,155.93245,0.66009
1158,33012083,155.93374,0.692
1159,33012054,155.93485,0.67324
1160,33012075,155.9355,0.5902
1161,33012044,155.93637,0.61541
1162,33012105,155.9377,0.67001
1163,33012020,155.93957,0.65429
1164,33012085,155.94127,0.60837
1165,33012102,155.94245,0.67014
1166,33012038,155.94254,0.62369
1167,33012025,155.94277,0.69944
1168,33012013,155.94429,0.64254
1169,33012041,155.94686,0.60536
1170,33012037,155.94768,0.6481
1171,33012005,155.94878,0.65949
1172,33012015,155.95005,0.63007
1173,33012014,155.95109,0.67642
1174,33012058,155.95118,0.69753
1175,33012017,155.9513,0.64466
1176,33012109,155.95137,0.6838
1177,33012062,155.95215,0.67624
1178,33012098,155.95233,0.64747
1180,33012068,155.95304,0.63801
1181,33012059,155.95512,0.64724
1182,33012094,155.95539,0.65649
1183,33012027,155.95549,0.63465
1184,33012004,155.95587,0.63925
1185,33012034,155.9566,0.63307
1186,33012099,155.95684,0.63509
1187,33012023,155.95814,0.65303
1188,33012101,155.95847,0.65084
1189,33012026,155.95932,0.69944
1190,33012064,155.95935,0.66567
1191,33012078,155.95965,0.61088
1192,33012073,155.96029,0.65454
1193,33012076,155.96099,0.62497
1194,33012018,155.96127,0.64917
1195,33012084,155.9622,0.65561
1196,33012071,155.96238,0.65387
1197,33012040,155.9624,0.72581
1198,33012036,155.96258,0.69823
1199,33012012,155.96282,0.64021
1200,33012066,155.96304,0.68014
1201,33012032,155.96325,0.62381
1202,33012063,155.96402,0.67211
1203,33012097,155.96405,0.65132
1204,33012011,155.96451,0.64805
1205,33012065,155.96493,0.65984
1206,33012022,155.96536,0.6638
1207,33012100,155.96543,0.65724
1208,33012057,155.96565,0.68284
1209,33012107,155.96701,0.68053
1210,33012112,155.96704,0.60021
1211,33012019,155.96741,0.65359
1212,33012060,155.968,0.65048
1213,33012061,155.96813,0.67649
1214,33012077,155.96968,0.65411
1215,33012108,155.9706,0.61533
1216,33012021,155.97086,0.64833
1217,33012024,155.97136,0.65353
1218,33012103,155.97257,0.64898
1219,33012008,155.97292,0.65341
1220,33012009,155.97301,0.65389
1221,33012003,155.97314,0.66553
1222,33012082,155.97373,0.61979
1223,33012067,155.97473,0.66424
1224,33012001,155.97519,0.67226
1225,33012002,155.97523,0.66427
1226,33012010,155.97658,0.64725
1227,33012007,155.9769,0.64585
1228,33012106,155.98063,0.65057
1229,33012104,155.98206,0.63272
1230,33012074,155.98345,0.6722
1231,33012016,155.98442,0.66431
1232,33012079,155.99026,0.65959
1233,33012072,155.9958,0.61224
1234,33012080,156.00144,0.64196
1235,33012070,156.00269,0.64468
1236,33012095,156.0035,0.67536
1238,49389005,159.33758,0.57189
1239,49389002,159.3467,0.62796
1240,49389001,159.36722,0.62568
1241,49389004,159.37269,0.66051
1242,49389003,159.38269,0.61296
1247,74031002,160.00196,0.03016
1256,83905004,160.89436,1.06339
1257,83905015,160.90119,1.10121
1259,83905002,160.91505,1.05941
1260,83905009,160.92413,1.06315
1261,83905007,160.92781,1.06005
1262,83905016,160.92877,1.09407
1263,83905017,160.92983,1.08444
1264,83905011,160.96308,1.08449
1266,83905001,160.97048,1.04273
1268,83905012,160.99193,1.06957
1270,38206005,161.9054,-0.00579
1273,38206004,161.91735,-0.02982
1275,82098001,162.30697,-1.15933
1276,82098002,162.35686,-1.17097
1280,74422005,164.97626,-0.00859
1282,74422001,164.98568,-0.01341
1284,74422014,164.9905,0.04568
1287,67729002,165.01112,0.03751
1293,74422013,165.01675,-0.00954
1296,74422011,165.0455,0.00273
1302,38218003,165.98926,0.41346
1303,38218002,166.03919,0.35634
1307,84364004,166.46334,-0.04312
1308,84364006,166.46882,-0.04197
1309,84364002,166.47056,-0.02081
1310,84364007,166.51994,-0.03506
1313,39770007,166.64809,-1.23269
1315,39770008,166.65091,-1.25176
1317,39770009,166.65973,-1.25302
1320,91288006,167.79715,1.10177
1321,91288002,167.79928,1.10521
1322,91288003,167.81033,1.10721
1324,91288004,167.82191,1.12464
1325,91288005,167.83876,1.1001
1332,74005001,169.98902,0.01013
1341,83893010,170.58508,0.47642
1343,83893001,170.67669,0.50511
1344,83893004,170.68514,0.46973
1345,83893011,170.68525,0.47533
1346,83893012,170.68756,0.48174
1353,91289004,170.6759,1.08338
1354,91289006,170.68384,1.1258
1355,91289003,170.68443,1.1057
1356,91289002,170.70094,1.09962
1357,91289007,170.7028,1.10994
1358,91289010,170.71429,1.00423
1359,91289008,170.73126,1.04678
1360,91289009,170.73131,0.99978
1361,84376008,171.74735,-0.95357
1362,84376003,171.75669,-0.98856
1363,84376004,171.76519,-0.97919
1364,84376009,171.77101,-0.97064
1365,84376007,171.79067,-1.00543
1366,84376011,171.80496,-0.98166
1369,84376010,171.84945,-0.99954
1370,84376002,171.85353,-1.00408
1371,33647015,173.33375,0.72191
1373,33647013,173.3441,0.74532
1374,33723008,173.35433,0.72298
1375,33647016,173.35827,0.73139
1376,33723006,173.36186,0.71501
1377,33723017,173.37085,0.72786
1378,33723002,173.37101,0.71962
1379,33647017,173.37474,0.7235
1380,33647001,173.37509,0.7398
1381,33647023,173.37778,0.72925
1382,33723009,173.38022,0.71859
1383,33723005,173.38041,0.6966
1384,33647020,173.38195,0.72716
1385,33723001,173.38234,0.69891
1386,33647019,173.38634,0.68541
1387,33723003,173.38738,0.71818
1388,33647021,173.38841,0.72472
1389,33647009,173.38884,0.72595
1390,33647022,173.38986,0.73139
1391,33723010,173.39143,0.72882
1392,33723007,173.39494,0.71137
1393,33723016,173.39853,0.64646
1395,33647018,173.40457,0.72403
1396,33723014,173.41405,0.72366
1397,33647011,173.41429,0.72668
1398,33647026,173.41766,0.72656
1399,33723011,173.41846,0.74651
1400,33647003,173.42019,0.73725
1401,33647025,173.42151,0.71287
1402,33723004,173.4293,0.72829
1405,33723013,173.43255,0.63656
1407,33647004,173.44449,0.67384
1408,33647002,173.44482,0.65423
1409,33647006,173.45047,0.66336
1410,33647008,173.45374,0.68296
1411,33647010,173.47744,0.65478
1412,33647005,173.47819,0.68296
1413,33723015,173.51283,0.71223
1425,68430001,174.9916,-0.01061
1426,74039003,174.99361,0.00862
1427,74039001,174.99451,0.01016
1429,74039008,174.99702,0.00845
1431,74039004,175.00012,-0.0372
1432,74039006,175.00094,0.01108
1434,74039002,175.00732,-0.00916
1437,74039005,175.02218,-0.03333
1439,85767001,175.16768,-0.02298
1440,85767002,175.20783,-0.00326
1442,46374002,175.40893,-0.43999
1443,46374003,175.41735,-0.46944
1450,33025003,177.96206,1.14467
1451,33029001,177.96395,1.14845
1452,33026001,177.97355,1.13927
1453,33026002,177.97467,1.14017
1454,33026003,177.97616,1.13895
1459,33032001,178.09133,1.07455
1461,33030001,178.42409,0.89561
1462,33027003,178.4268,0.89727
1463,33028001,178.43762,0.89205
1464,33028002,178.43769,0.89086
1465,33028003,178.4404,0.89025
1466,85768003,178.42796,-0.7565
1467,85768005,178.43686,-0.75814
1468,85768002,178.4387,-0.78154
1469,85768004,178.45658,-0.74181
1482,75052002,179.99162,0.00016
1483,68449002,179.99438,-0.01138
1486,75052003,179.99642,-0.00015
1493,75052001,180.02744,-0.03996
1494,30892056,180.04276,-1.13091
1495,30892054,180.06967,-1.15645
1496,30892053,180.10883,-1.13408
1499,30892050,180.1176,-1.13352
1501,30892055,180.13359,-1.1423
1502,30892052,180.14265,-1.11582
1503,30892051,180.17555,-1.12702
1504,40569001,180.2651,-0.08141
1505,40569002,180.27117,-0.09663
1509,114485002,181.11764,-1.17926
1510,114485000,181.13554,-1.22483
1511,114485001,181.14123,-1.18001
1512,31740001,184.44898,-0.52414
1513,31740002,184.4574,-0.52411
1514,34522003,184.53416,0.21433
1515,34522001,184.53721,0.24439
1516,34522002,184.54265,0.20822
1531,74470003,185.00496,-0.00311
1533,74470002,185.00643,-0.00099
1534,74470004,185.00787,0.0005
1549,75042003,189.98633,-0.00748
1553,75042006,190.00498,0.02218
1556,75042002,190.00646,0.00024
1557,75042009,190.00647,0.00302
1559,55350023,190.57045,-0.67821
1560,55350007,190.58258,-0.70444
1561,55350006,190.58305,-0.7047
1562,55350005,190.59393,-0.70589
1563,55350022,190.59662,-0.67411
1567,55400007,190.63697,-0.49164
1568,55350016,190.63803,-0.70525
1569,55350018,190.63872,-0.71888
1570,55400012,190.63896,-0.49869
1571,55350008,190.64086,-0.72025
1572,55400011,190.64272,-0.49534
1574,55400021,190.65146,-0.40084
1575,55400019,190.65234,-0.40068
1576,55400020,190.65279,-0.40543
1577,55400006,190.65295,-0.44475
1578,55350009,190.6539,-0.71855
1579,55400008,190.65613,-0.44736
1580,55350004,190.65896,-0.68448
1582,55350010,190.66064,-0.71479
1583,55400013,190.66284,-0.43159
1584,55400005,190.66314,-0.51297
1586,55400016,190.6686,-0.43815
1587,55350012,190.66915,-0.72013
1588,55400010,190.671,-0.52294
1589,55350011,190.67229,-0.7152
1591,55400014,190.69162,-0.44736
1592,84612002,190.772,-0.6131
1593,84612001,190.79387,-0.62638
1594,84612004,190.80255,-0.64584
1595,84612005,190.84425,-0.58855
1598,55450003,190.97813,-0.60005
1599,55450006,190.98783,-0.59963
1601,55450005,190.98987,-0.54851
1602,55450007,191.00044,-0.53778
1603,55450010,191.00362,-0.54421
1604,55450008,191.03043,-0.54767
1605,33545005,191.2151,-0.42711
1608,33545001,191.27016,-0.44777
1609,33545006,191.27722,-0.44353
1610,33548002,191.28267,-0.44918
1611,33548001,191.28431,-0.45611
1612,33545021,191.28571,-0.42568
1613,33545003,191.28595,-0.43276
1614,33548003,191.2887,-0.46165
1615,33545007,191.29553,-0.43121
1616,33545022,191.29637,-0.42587
1617,33545019,191.29912,-0.44676
1618,33545013,191.30011,-0.45244
1619,33545017,191.30228,-0.45571
1620,33545002,191.30312,-0.44003
1621,33545024,191.30455,-0.46289
1622,33545012,191.30544,-0.46207
1623,33545023,191.30593,-0.4686
1624,33545015,191.3063,-0.43721
1625,33545018,191.31208,-0.45382
1626,33545025,191.31251,-0.42564
1627,33545009,191.31468,-0.45501
1628,33545010,191.31643,-0.44856
1629,33545016,191.31789,-0.45231
1630,33545027,191.31972,-0.48091
1631,33545011,191.32079,-0.43149
1632,33545020,191.32552,-0.45125
1633,33545026,191.32889,-0.4621
1634,48040004,192.95083,-0.60049
1636,48040002,192.96243,-0.5842
1640,34284018,193.77681,0.08725
1641,34284013,193.79218,0.08064
1642,34284014,193.79329,0.08231
1643,34284009,193.79419,0.08886
1644,34284026,193.7958,0.12972
1645,34284020,193.81096,0.03783
1646,34284005,193.81412,0.11618
1647,34284012,193.81442,0.09871
1648,34284002,193.81446,0.10751
1649,34284001,193.81815,0.09997
1650,34284024,193.81849,0.10984
1651,34284006,193.81858,0.12231
1652,34284019,193.81905,0.01858
1653,34284010,193.81951,0.11306
1654,34284011,193.82162,0.09191
1655,34284021,193.82166,0.10871
1656,34284016,193.83948,0.08113
1657,34284017,193.84104,0.13655
1658,34284023,193.84189,0.08364
1659,34284022,193.84299,0.0778
1661,34284027,193.84736,0.06175
1662,34284007,193.85974,0.14359
1670,30030001,195.17644,1.02334
1671,30030002,195.17902,1.03363
1674,36964001,197.19105,-0.83051
1675,36965004,197.19178,-0.79344
1676,36964002,197.19744,-0.83254
1677,36964003,197.20368,-0.8292
1679,36965005,197.21698,-0.7829
1681,41394003,198.14794,0.83176
1682,41394002,198.14901,0.83547
1683,41394006,198.1568,0.82599
1684,41394004,198.16857,0.85114
1685,41394005,198.17421,0.84698
1686,34521002,198.52025,0.13078
1687,34521001,198.53795,0.10664
1688,34521004,198.555,0.08325
1689,34521003,198.56991,0.09077
1690,82072002,199.54943,-0.51416
1691,82072004,199.55639,-0.50037
1692,82072005,199.56044,-0.5081
1694,82072003,199.58294,-0.5122
1698,36966004,200.36436,0.34115
1699,36966003,200.36794,0.33293
1701,82073003,200.91563,1.12668
1703,82073004,200.94018,1.14221
1705,67975001,204.98981,-0.0157
1707,67975006,204.9939,-0.00952
1710,67975007,205.01061,-0.00818
1714,32281002,207.79422,0.51325
1715,32281001,207.79976,0.50692
1721,591390004,209.25713,0.62338
1722,591390007,209.29297,0.62849
1723,591390010,209.29483,0.64824
1724,591390009,209.2994,0.62077
1725,591390002,209.31177,0.58882
1726,591390003,209.31224,0.60474
1727,591390001,209.31762,0.58898
1728,591390011,209.3214,0.60513
1729,591390008,209.3315,0.59992
1737,75249005,210.00501,-0.00046
1744,75249002,210.0342,0.03821
1745,75249001,210.03662,0.01666
1761,30902011,215.54349,-0.44965
1762,30902001,215.54888,-0.42152
1763,30902049,215.54917,-0.35497
1764,30902051,215.5512,-0.33732
1765,30902057,215.55265,-0.36629
1767,30902058,215.56736,-0.35798
1768,30902059,215.56841,-0.38802
1770,30902024,215.57438,-0.42733
1771,30902055,215.576,-0.36877
1772,30902042,215.57616,-0.35929
1773,30902007,215.57943,-0.45264
1774,30902047,215.58095,-0.35366
1775,30902013,215.58155,-0.43039
1776,30902014,215.58158,-0.43112
1777,30902019,215.58205,-0.42258
1778,30902043,215.58211,-0.34861
1779,30902027,215.58247,-0.41851
1780,30902040,215.58312,-0.37135
1781,30902041,215.58537,-0.35921
1782,30902015,215.5862,-0.42627
1783,30902052,215.58655,-0.34857
1784,30902053,215.5869,-0.37012
1785,30902008,215.58728,-0.4459
1786,30902021,215.58758,-0.41774
1787,30902025,215.5887,-0.41274
1788,30902006,215.59041,-0.43678
1789,30902004,215.59104,-0.44167
1790,30902026,215.5912,-0.40399
1791,30902018,215.59139,-0.40581
1792,30902017,215.59434,-0.42761
1793,30902038,215.5946,-0.42666
1794,30902031,215.59935,-0.41472
1795,30902022,215.59999,-0.42863
1796,30902039,215.60268,-0.42284
1797,30902023,215.60317,-0.42488
1798,30902032,215.60342,-0.39008
1799,30902056,215.60451,-0.38301
1800,30902012,215.60472,-0.3817
1801,30902010,215.60557,-0.38402
1802,30902016,215.606,-0.41916
1803,30902035,215.60607,-0.39688
1804,30902029,215.60702,-0.41077
1805,30902036,215.60945,-0.39301
1806,30902037,215.61077,-0.41873
1807,30902048,215.61188,-0.36882
1808,30902030,215.61294,-0.3989
1810,30902044,215.61578,-0.37949
1811,30902005,215.61922,-0.39661
1812,30902045,215.62606,-0.38782
1813,30902054,215.62862,-0.35915
1814,30902046,215.64438,-0.38578
1815,30902002,215.6461,-0.41391
1816,30902028,215.67019,-0.42105
1817,30902020,215.67731,-0.42765
1819,91869003,215.96322,-0.42801
1820,40829003,215.98065,-0.41706
1821,91869004,215.98865,-0.46034
1822,40829004,216.00075,-0.4064
1823,40829002,216.01505,-0.42227
1824,40829001,216.01916,-0.42114
1825,91869005,216.03566,-0.43286
1826,91869006,216.04741,-0.42647
1827,91869002,216.05096,-0.45391
1831,91700012,217.2313,1.24824
1832,91700029,217.23238,1.26679
1833,91700017,217.23866,1.2639
1834,91700014,217.24766,1.26553
1835,91700013,217.25788,1.26418
1836,91700022,217.26395,1.24128
1837,91700009,217.26677,1.26971
1838,91700011,217.2699,1.26711
1839,91700016,217.32926,1.23326
1840,91700005,217.33605,1.21732
1841,91700006,217.3472,1.22673
1842,38288004,218.84833,-0.90057
1847,38288005,218.89356,-0.87752
1848,49741001,219.48821,-0.38462
1849,49741002,219.51593,-0.41569
1851,68061002,219.99234,-0.01043
1855,68070001,219.99747,0.01093
1856,74282010,219.99908,-0.00917
1857,68077001,219.99953,-0.02696
1861,74282002,220.0077,-0.03214
1862,68061001,220.00805,-0.0008
1863,74282003,220.00939,-0.00146
1865,74282001,220.0111,-0.03159
1869,305288001,220.01968,-0.16477
1871,305288003,220.04545,-0.17005
1872,305288008,220.053,-0.17885
1873,305288006,220.06178,-0.16876
1874,305288007,220.06255,-0.17383
1875,305288005,220.06873,-0.19212
1876,305288004,220.07522,-0.15948
1877,305288000,220.07784,-0.16964
1878,305288002,220.0885,-0.18744
1885,86034002,221.45978,-1.25184
1886,86034003,221.46449,-1.21483
1903,74227037,224.98299,0.00036
1905,74227020,224.9837,0.00276
1911,74227015,224.98897,-0.00324
1917,74227011,224.99783,-0.00924
1922,68110001,225.00834,-0.02219
1926,74227002,225.01865,-0.00108
1930,671828005,225.91728,0.05701
1931,671828001,225.93812,0.10062
1932,671828000,225.93868,0.09799
1933,671828004,225.99495,0.0964
1934,85581003,227.1055,-0.25394
1935,85581002,227.12718,-0.24247
1937,91562005,227.1302,-0.24166
1938,91562007,227.13471,-0.29427
1940,91562006,227.14072,-0.28706
1941,91562004,227.14309,-0.27565
1943,81175001,227.20048,-0.12976
1945,81175002,227.23029,-0.15286
1953,91563001,229.17688,-0.88071
1954,91563002,229.19633,-0.8454
1955,91563005,229.20305,-0.88599
1956,91563006,229.22527,-0.88454
1957,91563007,229.22555,-0.8877
1960,91563003,229.24119,-0.86178
1961,91563004,229.24179,-0.88353
1971,74183003,229.97464,-0.00957
1979,74183002,229.99636,0.00963
1981,74183001,230.0066,-0.00258
1988,74183004,230.0239,-0.02297
1995,211957004,232.8202,0.32911
1998,211957005,232.8589,0.30676
1999,211957001,232.86397,0.30504
2000,211957007,232.87052,0.31118
2001,211957006,232.8731,0.3162
2002,211957000,232.87884,0.27155
2003,211957003,232.88518,0.28884
2004,82104001,234.71676,-0.24526
2009,45845004,234.78565,0.36066
2016,74261002,234.97708,-0.00488
2019,74261003,234.98371,0.00961
2020,74261007,234.98376,0.0073
2025,68738002,234.98829,-0.00581
2030,74261006,234.99891,0.012
2031,74261011,235.00063,0.00719
2032,74261005,235.00483,-0.01592
2034,68048001,235.0062,-0.01006
2036,74261004,235.00918,-0.01267
2039,34478007,235.08673,0.88683
2040,34478010,235.08698,0.86101
2041,34478002,235.095,0.92442
2042,34478001,235.10684,0.91664
2043,34478005,235.11302,0.92437
2044,34478006,235.11402,0.92478
2045,34478009,235.11681,0.89959
2046,34478004,235.13515,0.85205
2047,34478008,235.14482,0.90296
2048,34478003,235.15642,0.8959
2049,550906001,236.35473,-0.34128
2050,550906000,236.40136,-0.36122
2052,35440002,239.19316,-0.15079
2053,35440003,239.22741,-0.19607
2056,74222003,239.9693,0.01878
2065,74222002,239.98454,0.00071
2073,74222006,240.00751,0.03173
2076,39780002,241.23245,-0.28831
2077,39780001,241.25218,-0.28757
2078,37281002,241.77997,1.09457
2079,37281001,241.79217,1.11163
2082,35449002,242.60856,-1.04468
2083,35449001,242.61634,-1.04535
2088,32927006,244.12205,-0.59422
2092,32927001,244.14336,-0.59311
2093,32927004,244.16296,-0.57492
2095,32927002,244.17498,-0.58023
2096,39733001,244.19759,-0.68801
2097,39733002,244.20887,-0.69505
2106,68239001,244.98277,0.12042
2108,68268001,244.9939,0.02955
2114,45611006,247.39415,0.53878
2117,45611007,247.40806,0.55486
2120,82105002,249.30101,-0.31294
2121,45740002,249.3332,-0.30814
2123,45740004,249.34837,-0.30447
2124,45740001,249.35604,-0.29107
2125,45740003,249.36476,-0.30056
2126,45846002,249.28794,0.41881
2138,339696000,251.61672,0.09832
2139,339696001,251.65096,0.08908
2164,40636001,262.6525,0.41751
2165,40636002,262.66181,0.4315
2168,74438014,264.9757,0.00288
2175,74438004,264.99019,0.00182
2178,74438003,265.00935,-0.01207
2179,74438002,265.0096,-0.03442
2185,74438006,265.02187,0.02117
2190,75123016,269.971,0.01632
2198,75123014,269.98353,0.00745
2222,84169002,270.91094,-0.27361
2223,84169001,270.94185,-0.23457
2224,91472004,273.73926,-0.26305
2225,90990002,273.74543,-0.29531
2226,90990001,273.74859,-0.30252
2227,91472005,273.75706,-0.25324
2228,91472002,273.76782,-0.30678
2229,91472006,273.77338,-0.27096
2230,91472003,273.78055,-0.26245
2231,91472001,273.82651,-0.3268
2239,75125009,275.01728,0.00939
2244,318101005,276.79484,1.15048
2245,318101006,276.80369,1.17212
2246,318101002,276.8123,1.14916
2247,318101003,276.8225,1.15642
2248,318101004,276.84029,1.16947
2249,318101001,276.84934,1.19003
2250,318101000,276.88525,1.16506
2251,37647002,277.18903,0.14523
2256,47284004,279.77453,-1.01644
2257,47284003,279.77601,-1.02441
2258,47284005,279.77838,-1.02893
2259,47284006,279.78034,-1.02871
2264,68953001,279.98295,-0.0101
2265,74722001,279.9848,0.01588
2267,68953002,279.98595,-0.00856
2269,74722009,279.98679,0.0102
2271,74722004,279.98863,-0.00753
2272,74722007,279.9893,-0.03368
2273,74722002,279.9958,-0.01455
2274,74722008,280.00057,0.01671
2276,74722005,280.01557,-0.00496
2277,74722003,280.01797,-0.00475
2278,74722006,280.03176,-0.03773
2279,32472010,281.42193,-0.64766
2280,32472012,281.42954,-0.65736
2281,32472005,281.43414,-0.63475
2282,32472001,281.44035,-0.65179
2283,32472007,281.44063,-0.64608
2284,32472006,281.44146,-0.65691
2285,32472008,281.44883,-0.64436
2286,32472003,281.4519,-0.64186
2287,32472009,281.45488,-0.64769
2289,32472002,281.45802,-0.64144
2290,32472011,281.47104,-0.63819
2291,32472004,281.49027,-0.68655
2296,44555002,281.97671,0.14752
2297,44555003,281.99107,0.19703
2298,37061002,282.09086,-0.75156
2299,37061003,282.09653,-0.75531
2300,44536001,282.12159,-0.84941
2302,44543001,282.21763,-0.59677
2303,44549001,282.09479,-0.15731
2304,44556002,282.1866,0.04488
2305,35092002,282.21911,-0.01142
2307,35092001,282.29938,-0.01145
2309,44576002,282.367,0.89677
2310,44537002,282.34349,-0.89414
2311,456014022,282.46884,-0.95842
2312,456014028,282.47512,-0.92401
2313,456014016,282.48296,-0.95118
2314,456014026,282.48445,-0.92572
2315,456014025,282.48486,-0.91707
2316,456014015,282.48958,-0.94712
2317,456014001,282.49397,-0.93835
2318,456014010,282.49407,-0.95149
2319,456014024,282.49462,-0.96042
2320,456014021,282.4949,-0.95684
2321,44544001,282.49753,-0.72437
2322,456014004,282.49912,-0.94067
2323,456014012,282.49985,-0.96488
2325,456014005,282.50226,-0.94785
2326,456014019,282.50248,-0.98374
2328,456014008,282.50559,-0.96744
2329,456014011,282.506,-0.96969
2330,456014013,282.51546,-0.92639
2331,456014007,282.5161,-0.95869
2332,456014003,282.51928,-0.97862
2333,456014014,282.5245,-0.93085
2334,456014017,282.53263,-0.95375
2335,456014002,282.54437,-0.99778
2336,456014000,282.55836,-0.94062
2337,44538002,282.60247,-1.04793
2338,44551001,282.58942,-0.47727
2339,84838003,282.62124,-0.35199
2340,84838002,282.6225,-0.33371
2341,84838001,282.62712,-0.35284
2342,44558001,282.7353,-0.19601
2343,32512004,282.76968,-0.00052
2344,32512005,282.77515,-0.04014
2345,524542016,282.78286,-0.00929
2346,32512001,282.78608,-0.01144
2347,524542012,282.78675,-0.00987
2348,524542005,282.7909,-0.02253
2349,524542014,282.79169,-0.03202
2350,524542013,282.79794,-0.04545
2351,524542010,282.80107,-0.02305
2352,524542015,282.80357,-0.01481
2353,524542000,282.8064,0.03164
2354,524542003,282.80779,-0.00116
2355,32512002,282.81445,-0.03037
2356,524542007,282.81593,-0.06133
2357,524542001,282.81617,-0.03172
2358,524542002,282.81779,0.00392
2359,524542011,282.81932,-0.04916
2360,524542009,282.82242,-0.04323
2361,524542008,282.83076,-0.05996
2362,44565001,282.84127,0.01566
2363,524542004,282.84273,0.007
2364,524542017,282.84376,-0.00224
2365,32565017,283.13095,0.58173
2368,44579001,283.1462,0.54836
2372,32565012,283.17935,0.54522
2373,32565010,283.18507,0.52147
2379,32565016,283.1952,0.56094
2382,44586001,283.24739,0.7804
2383,44580001,283.36079,0.4321
2384,44568002,283.57918,-0.31657
2386,44582002,283.88277,0.11679
2413,84185001,287.81233,1.03307
2415,35323028,287.7467,0.56298
2416,35323027,287.74713,0.56896
2417,32888042,287.74906,0.52004
2418,35323029,287.75002,0.59237
2419,31766020,287.75163,0.63789
2420,32888040,287.75382,0.57341
2421,31766073,287.75393,0.57793
2422,31766072,287.75569,0.5839
2423,32888044,287.75609,0.56362
2424,32888004,287.75825,0.56789
2425,32888047,287.75945,0.56715
2426,33665068,287.76207,0.57579
2427,32888016,287.76302,0.58906
2428,30796232,287.76381,0.59171
2429,32888046,287.76383,0.56399
2430,31766078,287.76448,0.60151
2431,33665059,287.76512,0.59374
2432,32888018,287.76523,0.57252
2433,32888003,287.76682,0.57088
2434,33665056,287.7673,0.58159
2435,32888017,287.7675,0.58107
2436,32888041,287.76762,0.54847
2437,35323005,287.76866,0.58189
2438,32888011,287.76884,0.58024
2439,33665062,287.76938,0.58537
2440,33665067,287.7695,0.5703
2441,33665065,287.77015,0.57545
2442,32888023,287.77022,0.58259
2443,35323026,287.77091,0.55659
2444,33665043,287.77157,0.59642
2445,31766035,287.77234,0.65571
2446,31766014,287.77251,0.57146
2447,32888014,287.77275,0.57684
2448,31766006,287.7737,0.56827
2449,32888002,287.77374,0.58002
2450,30796036,287.77382,0.60409
2451,33665048,287.77385,0.54734
2452,33665045,287.77434,0.59443
2453,31766069,287.77478,0.59339
2454,35323021,287.77479,0.5298
2455,35323001,287.77485,0.57562
2456,31766030,287.77531,0.62772
2457,31766033,287.77537,0.61248
2458,32888039,287.77548,0.57468
2459,31766009,287.7756,0.55577
2460,33665057,287.77578,0.58929
2461,33665064,287.7758,0.57426
2462,33665054,287.77639,0.57631
2463,30796252,287.77677,0.5804
2465,31766067,287.77776,0.58165
2466,33665063,287.77784,0.56931
2467,33665061,287.77809,0.58383
2468,30796032,287.77828,0.59288
2470,33665058,287.77952,0.57195
2471,31766013,287.77985,0.58956
2472,31766007,287.77994,0.58204
2473,32888020,287.78025,0.57536
2474,32888015,287.78048,0.58968
2475,33665052,287.78102,0.58189
2476,30796242,287.78145,0.60046
2477,31766066,287.78165,0.59891
2478,33665046,287.78175,0.57232
2479,31766012,287.78183,0.55974
2480,31766015,287.78185,0.55756
2481,33665053,287.78205,0.56756
2482,32888008,287.78253,0.56991
2483,31766074,287.78284,0.61235
2484,32888043,287.78414,0.57376
2485,31766071,287.78437,0.57791
2486,31766068,287.78477,0.58536
2487,35323003,287.78531,0.58301
2488,32888025,287.78536,0.64474
2489,32888032,287.78539,0.68665
2490,30796240,287.78556,0.59915
2491,32888035,287.78558,0.57547
2492,31766021,287.7856,0.59002
2493,31766081,287.78607,0.63744
2494,33665040,287.78675,0.58278
2495,32888013,287.7873,0.57454
2496,31766023,287.78736,0.59969
2497,31766075,287.78781,0.59309
2498,31766027,287.78852,0.58477
2499,30796243,287.7887,0.61469
2500,35323004,287.78881,0.61725
2501,30796248,287.78894,0.58834
2502,35323011,287.78936,0.55626
2503,35323019,287.78937,0.56971
2504,30796237,287.78957,0.63362
2505,35323012,287.78959,0.54992
2506,32888038,287.78963,0.55082
2507,35323014,287.78968,0.53798
2508,35323007,287.79057,0.61771
2509,32888010,287.7907,0.57393
2510,31766029,287.79072,0.63461
2511,31766008,287.79105,0.59442
2512,32888019,287.79127,0.60031
2513,32888007,287.79147,0.58546
2514,33665069,287.79157,0.59027
2515,30796235,287.79167,0.62252
2516,33665001,287.79215,0.60451
2517,31766024,287.79223,0.58301
2518,32888024,287.79224,0.63668
2519,31766011,287.79241,0.57774
2520,33665002,287.79388,0.55756
2521,30796253,287.794,0.61088
2522,32888001,287.79451,0.536
2523,30796236,287.79452,0.63778
2524,30796005,287.79488,0.58883
2525,33665072,287.79519,0.5944
2526,30796245,287.79577,0.61313
2527,33665060,287.79587,0.56917
2528,32888012,287.79589,0.60519
2529,31766063,287.79605,0.56194
2531,31766079,287.7964,0.59978
2532,35323009,287.79642,0.55056
2533,35323022,287.79687,0.5908
2534,31766022,287.79701,0.58985
2535,33665034,287.79739,0.57988
2536,35323008,287.79777,0.57416
2537,33665049,287.7997,0.58444
2538,32888005,287.79995,0.53616
2539,32888045,287.79999,0.56181
2540,33665050,287.80082,0.54839
2541,35323013,287.80177,0.57357
2542,33665070,287.80192,0.60771
2543,31766059,287.80195,0.57782
2544,35323025,287.80237,0.54806
2545,33665032,287.80246,0.57867
2546,31766070,287.80285,0.59241
2547,35323015,287.80287,0.55904
2548,30796246,287.80301,0.62771
2549,33665036,287.80306,0.53319
2550,33665071,287.80307,0.6022
2551,31766061,287.80364,0.55751
2552,35323016,287.80404,0.53984
2553,31766005,287.80439,0.60189
2554,32888022,287.80469,0.58666
2555,35323006,287.80572,0.56173
2556,31766010,287.80579,0.58663
2557,35323024,287.80599,0.5555
2559,32888006,287.8062,0.55897
2560,30796009,287.80767,0.57293
2561,30796026,287.80785,0.62511
2562,31766032,287.80813,0.61928
2563,30796238,287.80818,0.63872
2564,30796231,287.80877,0.63608
2565,30796250,287.8088,0.60524
2566,32888009,287.80885,0.61589
2567,35323017,287.80914,0.56934
2568,32888034,287.80988,0.57763
2569,32888021,287.81008,0.59232
2570,31766060,287.8102,0.58613
2571,31766026,287.81092,0.59971
2572,31766018,287.81107,0.61169
2573,31766065,287.81135,0.57439
2574,33665038,287.81172,0.60102
2575,30796244,287.81195,0.63096
2576,30796234,287.81202,0.63493
2577,33665031,287.81235,0.58065
2578,33665051,287.81272,0.55698
2579,33665037,287.81334,0.54347
2580,30796019,287.81336,0.59098
2581,30796014,287.81344,0.56259
2584,35323023,287.8144,0.57355
2586,33665003,287.81526,0.60126
2587,31766056,287.81574,0.51291
2588,32888026,287.81576,0.60416
2589,31766076,287.81645,0.6147
2591,33665005,287.81735,0.61381
2592,30796249,287.81742,0.60375
2593,31766077,287.81811,0.60191
2594,31766037,287.81854,0.62409
2595,35323020,287.81866,0.54075
2596,33665004,287.81883,0.58733
2597,30796241,287.81911,0.63572
2598,31766036,287.81929,0.61659
2599,33665033,287.81953,0.55231
2600,31766062,287.81983,0.56832
2601,31766039,287.82163,0.63618
2602,30796021,287.82174,0.56671
2603,33665035,287.82238,0.57243
2604,31766080,287.82254,0.62396
2606,30796031,287.82365,0.61005
2607,30796034,287.82416,0.60197
2608,31766034,287.82422,0.61777
2609,30796033,287.82441,0.6049
2610,30796251,287.82477,0.61568
2611,30796006,287.82495,0.59149
2612,30796239,287.82567,0.67327
2613,33665014,287.82639,0.58089
2614,33665020,287.8265,0.60829
2615,33665039,287.82657,0.55652
2616,31766025,287.82693,0.60476
2617,30796004,287.82702,0.59413
2618,30796003,287.82716,0.60992
2619,33665017,287.82719,0.60502
2620,31766004,287.82731,0.58736
2621,31766031,287.82734,0.64527
2622,31766002,287.82777,0.59031
2623,30796013,287.82809,0.61048
2624,33665044,287.82826,0.55859
2625,33665018,287.82841,0.58261
2626,33665027,287.82879,0.60484
2627,30796023,287.83081,0.57351
2628,33665011,287.83115,0.57914
2629,30796029,287.83127,0.60488
2630,31766064,287.83155,0.55233
2631,31766017,287.83157,0.59366
2632,31766058,287.83182,0.54341
2633,33665010,287.83246,0.58114
2634,33665021,287.8331,0.59337
2635,33665013,287.8341,0.5768
2636,33665023,287.83463,0.55973
2637,31766038,287.83495,0.61539
2638,30796025,287.83647,0.58872
2639,31766016,287.83726,0.61566
2640,30796001,287.83737,0.61986
2641,31766049,287.83758,0.58579
2642,31766003,287.83828,0.55236
2643,32888036,287.83901,0.56921
2644,30796012,287.83904,0.55949
2645,32888037,287.83931,0.55756
2646,31766043,287.83946,0.57009
2647,31766053,287.83975,0.57666
2648,33665016,287.83983,0.58903
2649,33665024,287.84058,0.58082
2650,31766040,287.84215,0.59022
2651,30796028,287.84283,0.59631
2652,31766001,287.84346,0.54781
2653,30796007,287.84358,0.58689
2654,30796022,287.84454,0.58455
2655,33665022,287.84505,0.58549
2656,31766047,287.84533,0.57931
2657,31766046,287.84548,0.58696
2658,31766042,287.8463,0.57722
2659,30796020,287.84678,0.57217
2660,33665008,287.84744,0.59935
2661,33665019,287.84838,0.58808
2662,33665028,287.84844,0.56855
2663,33665007,287.84895,0.60845
2664,31766045,287.85004,0.58326
2665,33665029,287.8501,0.58527
2666,31766044,287.85026,0.58588
2667,33665012,287.85257,0.58709
2669,30796027,287.85608,0.58821
2670,31766050,287.8564,0.58103
2671,31766057,287.857,0.57175
2672,33665006,287.85716,0.58847
2673,31766054,287.85915,0.52386
2674,32888029,287.85956,0.52459
2675,30796015,287.85961,0.60963
2676,31766041,287.8599,0.59002
2677,31766051,287.86299,0.5256
2678,33665025,287.86321,0.58358
2679,33665026,287.8637,0.58665
2680,31766048,287.86398,0.56141
2681,30796002,287.86548,0.57928
2682,33665015,287.86548,0.58998
2683,31766052,287.86574,0.53474
2684,35323010,287.86603,0.52574
2685,30796230,287.86798,0.60832
2686,33665030,287.8702,0.56756
2687,35323002,287.8704,0.57981
2688,33665009,287.87174,0.57984
2689,31766055,287.87703,0.52343
2690,32888027,287.87804,0.57894
2691,30796018,287.89808,0.62357
2692,30796017,287.89968,0.59843
2693,30796011,287.90725,0.58994
2694,30796016,287.90876,0.61328
2708,90511002,290.895,0.60755
2709,90511001,290.8985,0.60711
2710,91479007,290.90329,0.64072
2711,91479003,290.90413,0.6439
2712,91479008,290.9065,0.63988
2713,91479005,290.91188,0.66259
2714,91479001,290.92635,0.66054
2715,91479004,290.93115,0.64363
2716,91479002,290.94307,0.65284
2718,68606004,294.97769,0.02694
2719,68606001,294.97823,-0.00209
2720,68606002,294.98112,0.02559
2721,68606005,294.98221,0.02072
2722,68606006,294.98368,0.02904
2729,32327001,298.81022,0.76778
2730,32327003,298.81243,0.75668
2731,32327005,298.82092,0.75413
2732,32327002,298.82322,0.75403
2733,32327006,298.84371,0.76086
2734,32327004,298.85053,0.76006
2744,41786005,302.08259,0.32186
2745,41786003,302.09428,0.33769
2747,41786004,302.1058,0.33638
2748,33804002,302.4382,-0.73122
2749,33804004,302.44568,-0.72417
2750,33804013,302.44664,-0.73536
2751,33804001,302.45047,-0.72493
2752,33804006,302.45052,-0.72888
2753,33804003,302.45617,-0.73398
2754,33804008,302.45716,-0.71339
2755,33762012,302.4676,-0.72625
2756,33762008,302.47107,-0.73601
2757,33804005,302.47354,-0.73321
2758,33762004,302.47536,-0.73019
2760,33762003,302.48089,-0.7278
2761,33762011,302.48206,-0.72637
2762,33762025,302.48213,-0.72579
2763,33762021,302.4822,-0.72731
2764,33762023,302.4824,-0.72418
2765,33762015,302.4826,-0.73068
2766,33762017,302.48279,-0.72711
2767,33762019,302.48337,-0.72545
2768,33804010,302.48415,-0.73402
2769,33762018,302.48454,-0.73159
2770,33804014,302.48482,-0.71268
2771,33762007,302.48519,-0.72861
2772,33762005,302.48559,-0.72576
2773,33762013,302.48719,-0.72532
2774,33762020,302.48736,-0.72167
2775,33762009,302.48835,-0.72428
2776,33762014,302.48866,-0.70608
2777,33762024,302.48964,-0.7299
2778,33804009,302.49001,-0.75577
2779,33804011,302.49073,-0.76991
2780,33762010,302.49634,-0.7243
2781,33762016,302.49664,-0.72762
2782,33762022,302.50393,-0.71689
2783,33804012,302.5094,-0.77923
2785,46556001,303.59206,-0.7525
2786,46556002,303.59786,-0.72794
2787,46556004,303.62359,-0.78307
2788,46556003,303.64657,-0.7893
2795,75094003,304.99516,0.05358
2797,75094002,305.0152,0.05281
2804,38683002,309.98495,0.01789
2813,38683001,310.0144,-0.01313
2823,30295027,310.01949,-0.89994
2824,30295030,310.02741,-0.93137
2825,30295005,310.03492,-0.8731
2826,30295006,310.03561,-0.87036
2827,30295040,310.04089,-0.87682
2830,30295013,310.04304,-0.89403
2831,30295034,310.04458,-0.88355
2834,30295009,310.04701,-0.87193
2835,30295019,310.04765,-0.88122
2836,30295031,310.04864,-0.86438
2837,30295033,310.04975,-0.8551
2838,30295025,310.05094,-0.87277
2839,30295001,310.0512,-0.86651
2840,30295024,310.05203,-0.88134
2842,30295021,310.05546,-0.88531
2843,30295032,310.05577,-0.86013
2845,30295015,310.06588,-0.87545
2846,30295026,310.066,-0.87844
2847,30295028,310.06771,-0.90042
2848,30295020,310.06838,-0.90734
2849,30295017,310.06962,-0.87921
2850,30295022,310.0701,-0.87653
2851,30295023,310.07117,-0.87561
2852,30295029,310.07415,-0.92193
2853,30295011,310.0758,-0.87307
2854,30295018,310.07666,-0.87443
2855,30295012,310.07695,-0.87825
2856,30295016,310.08177,-0.87537
2857,30295014,310.08205,-0.874
2859,45847003,310.54843,0.52143
2860,45847002,310.55013,0.52609
2861,503219005,310.77336,-0.71843
2862,503219004,310.77702,-0.73361
2863,503219006,310.78151,-0.73359
2864,503219002,310.78234,-0.73664
2865,503219007,310.78849,-0.74376
2866,503219003,310.80425,-0.73767
2867,503219001,310.8274,-0.72481
2868,503219000,310.83532,-0.7205
2869,85115007,310.81332,0.02844
2870,85115005,310.82181,0.00539
2871,85115006,310.84652,0.01849
2872,85115009,310.86751,0.09706
2874,85115010,310.87345,0.11355
2875,85115003,310.9039,-0.03815
2877,85115004,310.91301,-0.03284
2878,85115001,310.92087,0.01512
2901,33128001,105.0376,0.61011
2970,153469000,238.68987,-0.4555
2972,153471000,240.54153,0.39758
2976,44520001,281.33987,-1.08347
2978,44521002,281.63034,-1.21924
2979,44541001,281.74816,-0.35027
2980,44528002,281.75019,-0.97308
2981,44535001,281.84782,-0.70495
2982,44548001,281.89018,-0.09561
2983,44529001,281.96312,-1.05044
2984,44542001,281.99702,-0.48119
2985,44562001,282.13033,0.38334
2986,44530002,282.21821,-1.15201
2987,44569001,282.2516,0.64367
2988,44550001,282.33915,-0.35038
2989,44563001,282.35922,0.24138
2990,44570001,282.48775,0.51519
2991,44557001,282.5012,-0.10639
2992,44583001,282.5146,1.13541
2993,44564001,282.57339,0.20156
2994,44577001,282.59937,0.7671
2995,44571001,282.7113,0.45617
2996,44584001,282.72441,1.04233
2997,44545001,282.751,-0.85665
2998,44591002,282.85091,1.26452
2999,44539001,282.85729,-1.23498
3000,44552001,282.8803,-0.61152
3001,44578001,282.89184,0.63324
3002,44559001,282.96264,-0.35196
3003,44546001,282.96517,-0.97636
3004,44572001,282.96887,0.26538
3005,44585001,282.98759,0.93159
3006,44553001,283.07897,-0.69363
3007,44566001,283.08933,-0.10851
3008,44592001,283.11235,1.19251
3009,44547001,283.24691,-1.10987
3010,44560001,283.25028,-0.47929
3011,44573001,283.26883,0.13905
3012,44567001,283.35864,-0.23788
3013,44554001,283.35903,-0.87139
3014,44593001,283.3972,1.00263
3015,44574001,283.45141,0.04449
3016,44587001,283.48188,0.63861
3017,44561001,283.49456,-0.61071
3018,44600001,283.49601,1.24128
3019,44581001,283.63534,0.27559
3020,44594001,283.63718,0.86494
3021,44588001,283.72099,0.50529
3022,44575001,283.73082,-0.0661
3023,44601001,283.79479,1.12982
3024,44595001,283.85185,0.77289
3025,44589001,284.00077,0.3756
3026,44602001,284.00411,0.99232
3027,44609001,284.10874,1.23899
3028,44596001,284.12538,0.60116
3029,44603001,284.2401,0.85737
3030,44610002,284.38862,1.09587
